0, 0, 2, 3, 4, 5, 0, 0, 0, 9, 10, 11, 12, 13, 14, 0, 0, 0, 0, 0, 0, 21, 22, 0, 0, 0, 0, 27, 28, 0, 30, 0, 0, 33, 0, 0, 36, 0, 0, 0, 40, 0, 0, 0, 44, 0, 0, 0, 0, 49, 0, 0, 0, 53, 0, 55, 56, 0, 0, 0, 0, 0, 62, 0, 0, 65, 0, 0, 0, 0, 0, 0, 72, 0, 0, 75, 0, 0, 0, 0, 0, 0, 0, 83, 84, 0, 86, 0, 0, 0, 0, 0, 0, 0, 0, 95, 0, 97, 0, 99
0, 101, 0, 103, 0, 0, 106, 0, 108, 0, 0, 0, 0, 0, 0, 115, 0, 0, 0, 0, 120, 121, 122, 0, 124, 0, 0, 0, 128, 0, 130, 0, 0, 0, 0, 135, 0, 0, 138, 0, 0, 0, 142, 143, 0, 0, 146, 147, 0, 0, 0, 0, 0, 0, 154, 0, 0, 0, 0, 0, 160, 0, 0, 0, 164, 0, 0, 167, 0, 169, 0, 0, 0, 0, 174, 0, 0, 0, 0, 179, 0, 181, 0, 0, 0, 0, 186, 0, 188, 0, 190, 191, 0, 193, 0, 0, 196, 0, 0, 0
200, 0, 0, 203, 0, 0, 206, 207, 0, 0, 210, 0, 0, 0, 0, 0, 0, 217, 0, 0, 0, 0, 0, 223, 0, 0, 0, 227, 0, 0, 0, 231, 0, 233, 234, 0, 0, 0, 0, 0, 0, 0, 0, 0, 244, 0, 0, 247, 0, 0, 0, 251, 0, 0, 0, 0, 256, 0, 0, 259, 260, 261, 0, 0, 264, 0, 266, 0, 0, 0, 270, 0, 0, 0, 274, 0, 0, 0, 0, 0, 0, 0, 0, 0, 0, 0, 0, 0, 0, 0, 0, 0, 0, 293, 294, 295, 0, 0, 0, 299
0, 301, 0, 0, 0, 0, 306, 0, 0, 0, 0, 311, 312, 0, 314, 0, 0, 0, 0, 0, 320, 321, 322, 323, 324, 325, 326, 0, 0, 0, 0, 0, 0, 0, 0, 0, 336, 0, 0, 0, 0, 341, 0, 0, 344, 0, 0, 0, 348, 0, 350, 351, 0, 353, 0, 0, 356, 357, 0, 0, 0, 0, 362, 0, 0, 0, 0, 367, 0, 369, 0, 0, 0, 0, 0, 0, 0, 0, 0, 0, 380, 0, 382, 0, 0, 385, 0, 387, 0, 0, 0, 0, 392, 0, 394, 395, 0, 397, 398, 0
0, 401, 0, 0, 0, 0, 0, 407, 408, 0, 0, 0, 0, 0, 0, 0, 0, 0, 0, 0, 0, 0, 422, 423, 0, 425, 426, 0, 0, 429, 0, 0, 432, 0, 434, 0, 0, 437, 0, 439, 440, 0, 0, 0, 0, 0, 0, 0, 448, 449, 0, 451, 0, 0, 0, 0, 0, 457, 0, 0, 460, 0, 462, 0, 464, 0, 466, 0, 0, 0, 470, 0, 472, 473, 0, 475, 0, 0, 0, 0, 0, 0, 0, 483, 484, 0, 486, 0, 0, 0, 490, 0, 0, 0, 494, 495, 0, 497, 498, 499
0, 0, 0, 503, 0, 0, 0, 0, 0, 509, 0, 0, 0, 0, 514, 515, 516, 517, 0, 0, 0, 0, 0, 523, 524, 0, 526, 0, 0, 529, 0, 0, 0, 0, 534, 0, 536, 0, 0, 0, 540, 0, 542, 0, 544, 0, 546, 0, 0, 0, 550, 551, 552, 0, 554, 0, 0, 0, 0, 0, 0, 0, 562, 563, 564, 0, 0, 567, 568, 569, 0, 0, 0, 0, 574, 575, 576, 577, 0, 0, 0, 0, 0, 0, 584, 0, 0, 0, 588, 0, 0, 0, 0, 0, 0, 0, 0, 597, 0, 0
0, 601, 0, 603, 604, 0, 606, 607, 0, 0, 0, 0, 0, 0, 614, 0, 0, 617, 618, 0, 0, 0, 622, 623, 624, 0, 0, 0, 0, 629, 0, 0, 0, 0, 0, 0, 636, 0, 0, 639, 640, 641, 0, 643, 644, 0, 0, 0, 0, 0, 0, 0, 0, 0, 0, 0, 0, 657, 0, 0, 660, 0, 0, 0, 0, 0, 0, 667, 0, 0, 670, 0, 0, 0, 0, 675, 0, 0, 0, 0, 0, 681, 0, 0, 0, 0, 686, 0, 0, 689, 0, 0, 0, 0, 694, 0, 0, 0, 0, 0
0, 0, 0, 0, 704, 705, 0, 0, 0, 0, 710, 0, 0, 0, 0, 715, 716, 0, 0, 0, 0, 721, 0, 0, 0, 0, 0, 0, 0, 0, 0, 731, 0, 733, 0, 735, 736, 0, 0, 0, 0, 0, 0, 0, 0, 745, 0, 0, 0, 749, 0, 751, 0, 0, 754, 755, 0, 0, 0, 759, 0, 0, 762, 0, 0, 0, 0, 0, 0, 0, 0, 0, 0, 0, 0, 0, 0, 777, 778, 779, 0, 0, 782, 0, 784, 0, 0, 0, 0, 0, 0, 0, 0, 0, 794, 0, 0, 797, 0, 0
0, 801, 0, 803, 0, 0, 0, 0, 0, 809, 810, 811, 0, 813, 0, 0, 0, 817, 0, 819, 0, 0, 0, 0, 824, 0, 0, 0, 0, 829, 830, 0, 0, 0, 0, 0, 836, 837, 0, 0, 840, 0, 0, 0, 0, 845, 0, 847, 848, 849, 850, 0, 0, 0, 854, 0, 0, 0, 0, 0, 0, 0, 0, 0, 864, 0, 866, 867, 0, 0, 0, 871, 872, 873, 0, 0, 876, 0, 0, 0, 0, 0, 0, 0, 884, 0, 886, 0, 0, 0, 0, 0, 0, 0, 0, 0, 0, 0, 898, 0
0, 0, 902, 0, 0, 905, 0, 0, 908, 0, 910, 0, 0, 0, 0, 915, 0, 0, 0, 919, 0, 0, 0, 923, 0, 0, 926, 0, 928, 929, 930, 0, 0, 933, 0, 935, 936, 0, 0, 0, 0, 0, 0, 0, 0, 0, 0, 947, 0, 949, 950, 0, 0, 0, 0, 0, 0, 0, 958, 959, 0, 961, 0, 963, 0, 0, 0, 0, 0, 969, 0, 971, 0, 0, 0, 0, 0, 0, 0, 0, 0, 0, 982, 0, 0, 985, 986, 987, 0, 989, 990, 0, 0, 0, 0, 0, 0, 0, 0, 0
1000, 1001, 0, 0, 0, 0, 0, 0, 0, 0, 0, 0, 0, 0, 1014, 0, 0, 1017, 1018, 0, 0, 1021, 0, 0, 0, 0, 0, 0, 1028, 0, 0, 0, 0, 0, 1034, 0, 0, 0, 0, 0, 1040, 0, 0, 0, 1044, 0, 0, 0, 1048, 0, 0, 0, 0, 0, 1054, 0, 0, 0, 0, 0, 1060, 0, 0, 0, 0, 1065, 0, 0, 0, 0, 0, 0, 0, 1073, 0, 0, 0, 0, 1078, 0, 0, 0, 0, 0, 0, 0, 0, 1087, 0, 1089, 1090, 0, 1092, 0, 0, 0, 0, 0, 0, 1099
0, 0, 1102, 0, 1104, 0, 1106, 0, 1108, 0, 0, 0, 1112, 0, 1114, 0, 1116, 0, 0, 0, 0, 0, 0, 0, 1124, 0, 0, 0, 0, 0, 0, 0, 0, 0, 0, 0, 0, 0, 0, 0, 0, 1141, 0, 0, 0, 0, 1146, 0, 0, 0, 0, 0, 1152, 1153, 1154, 1155, 0, 0, 0, 0, 0, 0, 0, 0, 0, 0, 1166, 0, 1168, 0, 0, 0, 0, 1173, 0, 0, 0, 0, 0, 1179, 0, 0, 0, 0, 0, 0, 0, 1187, 0, 0, 1190, 0, 1192, 0, 1194, 0, 1196, 0, 1198, 0
1200, 0, 1202, 0, 0, 0, 0, 0, 0, 0, 0, 0, 0, 0, 1214, 0, 1216, 1217, 0, 1219, 0, 0, 0, 0, 0, 1225, 1226, 0, 0, 1229, 1230, 0, 0, 1233, 1234, 1235, 0, 0, 0, 1239, 0, 0, 0, 0, 0, 0, 0, 0, 0, 0, 1250, 0, 0, 0, 0, 0, 0, 0, 0, 1259, 0, 0, 0, 0, 0, 0, 1266, 1267, 0, 1269, 0, 0, 0, 1273, 0, 0, 0, 0, 1278, 0, 0, 0, 1282, 1283, 1284, 0, 0, 0, 0, 0, 1290, 0, 0, 0, 1294, 1295, 0, 0, 0, 0
0, 0, 0, 1303, 0, 0, 0, 0, 0, 0, 0, 0, 1312, 1313, 0, 1315, 0, 0, 0, 0, 1320, 0, 0, 0, 0, 1325, 0, 0, 0, 0, 0, 1331, 1332, 1333, 1334, 0, 0, 0, 0, 0, 0, 0, 0, 0, 0, 0, 0, 0, 0, 0, 0, 0, 1352, 1353, 0, 0, 0, 0, 1358, 1359, 0, 0, 1362, 0, 0, 1365, 0, 0, 0, 0, 1370, 0, 1372, 0, 0, 0, 0, 0, 0, 0, 0, 0, 1382, 0, 0, 0, 0, 0, 1388, 1389, 0, 0, 0, 0, 0, 0, 0, 1397, 0, 1399
0, 1401, 0, 0, 1404, 0, 0, 0, 1408, 0, 0, 0, 1412, 0, 0, 0, 1416, 0, 0, 0, 0, 0, 1422, 0, 1424, 0, 0, 0, 1428, 0, 0, 0, 0, 0, 1434, 0, 0, 1437, 1438, 0, 0, 0, 0, 0, 0, 0, 1446, 1447, 1448, 0, 0, 0, 0, 0, 0, 0, 0, 0, 1458, 0, 0, 0, 1462, 1463, 0, 1465, 1466, 0, 1468, 0, 1470, 0, 0, 1473, 0, 0, 0, 0, 0, 0, 0, 0, 0, 0, 0, 0, 1486, 0, 0, 0, 1490, 0, 0, 0, 1494, 1495, 0, 1497, 1498, 0
1500, 1501, 1502, 0, 0, 0, 1506, 0, 0, 0, 0, 0, 0, 0, 0, 0, 0, 0, 0, 0, 0, 0, 0, 1523, 0, 0, 1526, 1527, 0, 1529, 0, 0, 0, 0, 0, 0, 1536, 0, 1538, 0, 1540, 0, 1542, 0, 1544, 0, 1546, 0, 0, 0, 0, 1551, 1552, 1553, 1554, 1555, 0, 0, 1558, 0, 0, 0, 0, 0, 1564, 0, 0, 0, 0, 0, 0, 0, 0, 0, 1574, 1575, 0, 1577, 0, 0, 0, 1581, 1582, 0, 1584, 1585, 0, 1587, 0, 0, 0, 1591, 0, 0, 1594, 0, 0, 1597, 0, 0
0, 0, 0, 0, 1604, 0, 0, 1607, 0, 0, 1610, 0, 0, 1613, 0, 0, 0, 0, 0, 0, 1620, 1621, 1622, 0, 0, 1625, 1626, 0, 0, 0, 0, 1631, 1632, 1633, 0, 1635, 0, 0, 1638, 0, 0, 1641, 1642, 1643, 1644, 0, 0, 0, 0, 0, 0, 0, 0, 0, 0, 0, 0, 1657, 0, 0, 0, 1661, 0, 0, 1664, 1665, 0, 0, 0, 0, 1670, 0, 1672, 1673, 0, 1675, 0, 0, 0, 0, 1680, 0, 1682, 0, 0, 0, 1686, 0, 0, 0, 1690, 1691, 1692, 0, 0, 0, 1696, 1697, 1698, 0
1700, 1701, 1702, 1703, 0, 0, 1706, 1707, 0, 0, 0, 0, 0, 0, 1714, 0, 1716, 1717, 1718, 0, 1720, 0, 0, 1723, 1724, 0, 0, 1727, 1728, 0, 0, 1731, 0, 0, 1734, 0, 0, 1737, 1738, 1739, 0, 0, 0, 0, 1744, 0, 0, 0, 0, 1749, 0, 0, 0, 0, 0, 0, 0, 0, 0, 0, 0, 0, 0, 1763, 0, 1765, 0, 0, 0, 1769, 0, 1771, 1772, 0, 0, 0, 0, 1777, 1778, 1779, 1780, 0, 0, 0, 1784, 0, 1786, 0, 1788, 1789, 0, 0, 0, 1793, 0, 0, 1796, 0, 0, 1799
0, 1801, 0, 0, 1804, 0, 0, 0, 0, 1809, 0, 0, 0, 1813, 0, 0, 0, 0, 0, 0, 0, 1821, 0, 0, 0, 1825, 0, 0, 0, 0, 0, 1831, 0, 1833, 1834, 0, 0, 1837, 0, 0, 0, 0, 0, 1843, 0, 0, 0, 0, 1848, 0, 0, 0, 0, 0, 0, 1855, 0, 0, 0, 1859, 0, 0, 0, 0, 0, 0, 1866, 0, 0, 0, 0, 1871, 1872, 1873, 0, 0, 0, 1877, 0, 1879, 0, 0, 0, 0, 1884, 0, 0, 0, 1888, 0, 1890, 0, 0, 0, 0, 1895, 0, 1897, 0, 1899
0, 1901, 0, 0, 1904, 0, 0, 0, 1908, 0, 1910, 0, 0, 0, 0, 0, 1916, 1917, 0, 1919, 0, 1921, 0, 0, 0, 0, 0, 1927, 0, 1929, 1930, 1931, 1932, 0, 0, 1935, 0, 0, 0, 0, 1940, 0, 0, 0, 0, 0, 1946, 0, 1948, 0, 0, 0, 0, 0, 1954, 0, 0, 0, 1958, 0, 0, 1961, 0, 0, 0, 0, 0, 1967, 0, 0, 0, 1971, 0, 0, 0, 0, 0, 0, 1978, 0, 0, 1981, 0, 1983, 0, 1985, 0, 0, 0, 0, 0, 1991, 0, 0, 0, 0, 1996, 0, 0, 0
0, 2001, 0, 2003, 2004, 2005, 0, 0, 0, 0, 0, 0, 2012, 0, 0, 0, 0, 0, 0, 0, 0, 0, 0, 2023, 0, 0, 0, 0, 2028, 0, 2030, 0, 0, 0, 0, 0, 2036, 0, 2038, 0, 0, 2041, 0, 0, 0, 2045, 0, 0, 0, 0, 0, 0, 2052, 2053, 2054, 0, 0, 0, 0, 0, 2060, 2061, 0, 0, 2064, 0, 0, 2067, 0, 0, 0, 0, 0, 0, 2074, 0, 0, 0, 0, 2079, 2080, 0, 2082, 2083, 0, 2085, 0, 0, 0, 0, 2090, 2091, 2092, 2093, 0, 2095, 2096, 2097, 0, 0
0, 2101, 2102, 0, 0, 2105, 0, 2107, 0, 0, 2110, 0, 2112, 2113, 2114, 0, 2116, 0, 0, 0, 0, 0, 0, 2123, 2124, 0, 2126, 2127, 0, 0, 0, 0, 0, 0, 2134, 0, 0, 0, 2138, 2139, 0, 2141, 2142, 0, 2144, 0, 2146, 2147, 2148, 0, 0, 2151, 0, 0, 0, 0, 0, 2157, 2158, 0, 0, 0, 0, 0, 2164, 2165, 0, 0, 2168, 0, 0, 0, 0, 0, 2174, 0, 0, 0, 0, 0, 0, 0, 0, 2183, 0, 0, 0, 0, 0, 0, 2190, 0, 2192, 0, 2194, 2195, 0, 0, 0, 0
0, 2201, 0, 0, 0, 0, 0, 0, 0, 0, 0, 0, 2212, 2213, 0, 0, 0, 2217, 2218, 0, 0, 2221, 2222, 0, 0, 0, 2226, 0, 2228, 0, 0, 0, 0, 0, 0, 2235, 2236, 0, 0, 0, 2240, 2241, 0, 2243, 2244, 0, 0, 2247, 0, 0, 2250, 0, 0, 2253, 0, 0, 0, 0, 0, 0, 0, 0, 0, 0, 0, 2265, 0, 0, 2268, 0, 0, 0, 0, 0, 0, 0, 0, 2277, 2278, 0, 0, 2281, 2282, 2283, 2284, 0, 0, 0, 0, 0, 0, 0, 0, 0, 0, 2295, 0, 0, 0, 0
2300, 0, 2302, 0, 2304, 0, 0, 0, 0, 0, 0, 0, 0, 0, 2314, 0, 2316, 0, 2318, 0, 0, 2321, 2322, 0, 0, 0, 0, 0, 2328, 0, 0, 2331, 2332, 0, 0, 0, 0, 0, 0, 0, 0, 0, 0, 0, 2344, 0, 0, 0, 2348, 2349, 0, 0, 2352, 2353, 2354, 0, 0, 2357, 0, 0, 0, 2361, 0, 0, 0, 2365, 0, 2367, 2368, 2369, 0, 2371, 0, 2373, 0, 0, 0, 0, 2378, 0, 0, 2381, 0, 0, 2384, 0, 0, 0, 0, 0, 0, 2391, 2392, 2393, 0, 0, 0, 2397, 0, 2399
0, 0, 2402, 0, 0, 0, 0, 0, 0, 0, 2410, 2411, 0, 0, 0, 0, 2416, 2417, 0, 0, 0, 0, 0, 0, 0, 2425, 0, 0, 0, 0, 0, 0, 0, 2433, 0, 0, 0, 0, 0, 0, 2440, 2441, 0, 0, 0, 2445, 0, 0, 0, 0, 0, 2451, 2452, 0, 0, 0, 0, 0, 2458, 0, 0, 0, 0, 0, 0, 0, 0, 0, 0, 0, 0, 0, 0, 2473, 0, 0, 0, 0, 0, 0, 0, 2481, 0, 0, 0, 0, 0, 0, 0, 0, 0, 0, 2492, 2493, 0, 0, 0, 0, 2498, 2499
0, 0, 0, 2503, 0, 2505, 0, 0, 0, 2509, 0, 0, 2512, 0, 2514, 0, 0, 0, 0, 0, 0, 0, 0, 0, 0, 0, 0, 2527, 0, 0, 2530, 0, 0, 0, 0, 0, 0, 2537, 0, 2539, 0, 0, 2542, 0, 0, 0, 0, 0, 0, 0, 2550, 2551, 0, 0, 2554, 0, 2556, 0, 0, 0, 2560, 0, 0, 0, 0, 0, 0, 2567, 0, 0, 0, 0, 0, 2573, 2574, 0, 0, 0, 0, 2579, 0, 2581, 0, 0, 2584, 0, 0, 0, 0, 2589, 0, 2591, 2592, 0, 0, 0, 0, 0, 0, 2599
0, 2601, 0, 0, 0, 2605, 2606, 0, 0, 2609, 2610, 2611, 0, 2613, 0, 0, 0, 0, 0, 0, 0, 0, 0, 0, 0, 2625, 2626, 2627, 0, 0, 0, 2631, 0, 2633, 0, 2635, 2636, 0, 2638, 0, 0, 0, 0, 0, 2644, 0, 0, 0, 0, 2649, 2650, 2651, 2652, 0, 0, 2655, 0, 0, 0, 0, 0, 0, 0, 2663, 0, 0, 2666, 0, 0, 2669, 2670, 0, 0, 0, 0, 2675, 2676, 0, 0, 0, 0, 0, 2682, 0, 2684, 0, 0, 0, 0, 0, 0, 2691, 0, 0, 2694, 0, 0, 2697, 0, 0
2700, 0, 0, 0, 2704, 0, 0, 0, 2708, 0, 2710, 0, 0, 2713, 2714, 0, 0, 0, 0, 0, 0, 2721, 0, 2723, 0, 2725, 2726, 0, 2728, 0, 2730, 2731, 0, 0, 2734, 0, 2736, 0, 2738, 2739, 0, 2741, 2742, 0, 0, 2745, 0, 2747, 0, 2749, 0, 0, 2752, 0, 2754, 0, 2756, 0, 0, 2759, 2760, 2761, 0, 0, 0, 2765, 0, 0, 0, 2769, 2770, 0, 0, 0, 2774, 0, 2776, 0, 0, 2779, 0, 0, 0, 0, 2784, 0, 2786, 0, 0, 2789, 0, 0, 2792, 0, 0, 0, 2796, 0, 0, 0
0, 0, 2802, 0, 2804, 2805, 0, 0, 0, 2809, 2810, 0, 0, 0, 0, 0, 0, 0, 0, 0, 0, 0, 0, 0, 2824, 2825, 0, 2827, 0, 2829, 0, 2831, 0, 2833, 0, 0, 0, 2837, 2838, 0, 2840, 2841, 0, 0, 2844, 2845, 2846, 0, 0, 0, 0, 2851, 0, 0, 2854, 0, 0, 0, 2858, 0, 2860, 2861, 0, 0, 2864, 2865, 0, 2867, 0, 0, 0, 0, 0, 0, 2874, 0, 0, 0, 0, 2879, 2880, 2881, 2882, 0, 0, 0, 0, 0, 0, 0, 0, 0, 0, 0, 2894, 2895, 2896, 0, 0, 0
0, 2901, 0, 2903, 0, 0, 0, 0, 2908, 0, 0, 0, 0, 2913, 0, 0, 2916, 0, 0, 0, 2920, 0, 0, 2923, 0, 0, 2926, 0, 2928, 0, 2930, 2931, 0, 0, 2934, 2935, 0, 0, 2938, 0, 0, 0, 0, 0, 0, 0, 0, 0, 2948, 0, 0, 2951, 0, 0, 2954, 2955, 2956, 2957, 0, 0, 0, 0, 0, 0, 0, 0, 0, 2967, 2968, 0, 0, 0, 0, 0, 0, 2975, 2976, 0, 2978, 0, 0, 0, 2982, 0, 2984, 2985, 0, 2987, 0, 0, 0, 0, 0, 0, 2994, 0, 2996, 0, 0, 0
0, 0, 3002, 3003, 0, 0, 3006, 0, 3008, 3009, 0, 0, 0, 0, 3014, 0, 0, 0, 0, 0, 0, 0, 0, 0, 0, 3025, 0, 0, 0, 0, 3030, 3031, 3032, 3033, 3034, 0, 0, 3037, 0, 0, 3040, 0, 0, 0, 3044, 3045, 3046, 0, 0, 0, 3050, 0, 0, 0, 3054, 0, 0, 0, 3058, 0, 3060, 3061, 0, 0, 0, 0, 0, 0, 0, 0, 3070, 0, 0, 0, 3074, 0, 0, 0, 0, 0, 0, 0, 0, 0, 0, 0, 0, 3087, 0, 0, 0, 0, 0, 3093, 0, 0, 0, 3097, 0, 3099
3100, 0, 0, 0, 0, 3105, 0, 3107, 3108, 3109, 0, 0, 0, 0, 0, 0, 0, 0, 0, 0, 0, 3121, 0, 0, 3124, 0, 3126, 0, 0, 0, 0, 0, 3132, 0, 0, 0, 0, 0, 0, 0, 0, 0, 0, 0, 0, 0, 0, 3147, 3148, 0, 0, 0, 3152, 3153, 0, 3155, 0, 0, 0, 3159, 0, 0, 3162, 0, 3164, 0, 0, 0, 0, 0, 3170, 3171, 0, 0, 0, 0, 0, 0, 0, 0, 3180, 0, 0, 3183, 0, 0, 3186, 3187, 3188, 0, 0, 0, 3192, 0, 0, 3195, 0, 0, 0, 3199
3200, 0, 0, 0, 3204, 0, 0, 3207, 0, 0, 3210, 0, 0, 0, 0, 0, 3216, 0, 0, 3219, 0, 0, 0, 0, 3224, 3225, 3226, 0, 0, 0, 0, 0, 0, 3233, 0, 0, 0, 3237, 0, 0, 0, 0, 0, 3243, 0, 3245, 0, 0, 3248, 3249, 0, 0, 0, 3253, 0, 0, 3256, 0, 0, 0, 0, 0, 0, 3263, 0, 3265, 0, 3267, 3268, 0, 3270, 0, 0, 0, 0, 0, 0, 3277, 0, 0, 3280, 3281, 0, 0, 3284, 3285, 0, 0, 0, 0, 3290, 3291, 3292, 0, 3294, 3295, 0, 0, 3298, 3299
0, 0, 0, 3303, 0, 0, 3306, 0, 0, 0, 0, 0, 0, 3313, 3314, 0, 0, 0, 0, 0, 0, 0, 0, 0, 0, 0, 0, 0, 0, 0, 0, 0, 0, 0, 0, 0, 3336, 0, 3338, 0, 3340, 0, 0, 0, 0, 0, 3346, 0, 0, 0, 0, 3351, 0, 0, 0, 0, 0, 0, 0, 0, 0, 3361, 0, 3363, 0, 0, 0, 0, 3368, 0, 0, 0, 0, 0, 0, 0, 0, 0, 3378, 0, 0, 3381, 0, 0, 0, 3385, 0, 0, 3388, 0, 0, 0, 0, 0, 0, 0, 0, 3397, 3398, 3399
0, 3401, 3402, 3403, 0, 3405, 0, 0, 0, 3409, 0, 0, 3412, 3413, 0, 0, 3416, 0, 3418, 3419, 3420, 3421, 0, 0, 0, 0, 3426, 3427, 0, 0, 3430, 0, 0, 0, 0, 3435, 0, 0, 3438, 3439, 3440, 0, 0, 0, 0, 0, 0, 0, 0, 3449, 0, 0, 3452, 3453, 0, 0, 0, 0, 0, 0, 0, 0, 3462, 3463, 0, 0, 3466, 3467, 0, 0, 0, 3471, 3472, 3473, 0, 0, 3476, 0, 0, 0, 0, 3481, 0, 0, 0, 0, 0, 0, 0, 3489, 3490, 0, 0, 0, 0, 0, 0, 0, 0, 0
0, 3501, 0, 0, 3504, 0, 0, 0, 0, 0, 0, 3511, 0, 3513, 3514, 0, 0, 0, 0, 0, 0, 3521, 0, 0, 0, 3525, 3526, 0, 0, 0, 0, 0, 0, 0, 0, 0, 0, 0, 0, 0, 0, 3541, 0, 0, 0, 0, 0, 0, 0, 0, 0, 0, 0, 3553, 0, 0, 3556, 3557, 0, 0, 0, 0, 3562, 0, 0, 0, 0, 3567, 0, 0, 0, 0, 0, 0, 0, 0, 0, 0, 0, 3579, 3580, 0, 0, 0, 3584, 0, 3586, 0, 0, 3589, 0, 0, 0, 0, 0, 0, 3596, 3597, 0, 0
3600, 0, 3602, 0, 0, 0, 3606, 3607, 0, 0, 3610, 3611, 0, 0, 0, 0, 3616, 0, 0, 0, 0, 0, 3622, 3623, 0, 0, 0, 0, 0, 0, 0, 0, 3632, 0, 3634, 0, 0, 0, 3638, 3639, 0, 0, 3642, 0, 3644, 0, 0, 0, 0, 0, 3650, 0, 0, 3653, 0, 0, 0, 3657, 3658, 3659, 0, 0, 0, 0, 3664, 3665, 3666, 0, 0, 0, 0, 0, 0, 0, 0, 0, 3676, 3677, 0, 0, 3680, 0, 0, 0, 0, 0, 0, 0, 0, 0, 3690, 3691, 0, 3693, 0, 0, 3696, 0, 0, 0
0, 3701, 0, 0, 0, 0, 3706, 0, 0, 0, 0, 0, 0, 3713, 3714, 0, 0, 3717, 0, 3719, 0, 3721, 0, 3723, 3724, 0, 0, 3727, 3728, 0, 0, 3731, 0, 0, 0, 0, 0, 0, 3738, 0, 3740, 0, 3742, 0, 0, 0, 0, 0, 0, 3749, 0, 0, 3752, 0, 0, 3755, 0, 0, 3758, 0, 0, 0, 0, 0, 0, 3765, 0, 0, 0, 3769, 3770, 0, 3772, 3773, 0, 0, 0, 3777, 0, 0, 3780, 3781, 3782, 0, 0, 0, 0, 3787, 3788, 0, 0, 0, 0, 0, 0, 0, 0, 0, 0, 0
3800, 0, 0, 3803, 0, 3805, 0, 0, 3808, 3809, 0, 0, 0, 3813, 0, 0, 0, 0, 3818, 0, 3820, 0, 0, 0, 0, 3825, 0, 0, 3828, 0, 3830, 3831, 0, 0, 3834, 3835, 0, 3837, 3838, 0, 3840, 3841, 3842, 0, 3844, 0, 0, 3847, 3848, 3849, 3850, 3851, 3852, 0, 0, 0, 0, 3857, 3858, 0, 0, 3861, 3862, 0, 0, 3865, 0, 0, 3868, 3869, 3870, 3871, 0, 3873, 0, 0, 0, 0, 0, 0, 3880, 0, 3882, 0, 3884, 0, 0, 3887, 0, 0, 0, 0, 0, 3893, 0, 0, 3896, 0, 0, 3899
0, 0, 0, 3903, 0, 0, 0, 0, 3908, 3909, 0, 3911, 0, 0, 3914, 0, 3916, 0, 0, 0, 0, 0, 0, 3923, 0, 0, 0, 0, 0, 0, 3930, 3931, 0, 0, 0, 0, 0, 0, 0, 3939, 0, 3941, 0, 0, 0, 0, 3946, 0, 0, 3949, 3950, 0, 0, 3953, 0, 3955, 3956, 3957, 0, 0, 0, 0, 0, 0, 0, 0, 3966, 0, 0, 0, 0, 0, 0, 0, 3974, 0, 3976, 3977, 3978, 0, 3980, 3981, 0, 0, 0, 3985, 0, 0, 3988, 0, 3990, 0, 0, 0, 3994, 3995, 0, 3997, 3998, 0
0, 0, 0, 0, 0, 0, 0, 0, 4008, 0, 4010, 0, 0, 0, 4014, 4015, 0, 0, 0, 0, 0, 4021, 0, 4023, 0, 4025, 0, 0, 0, 0, 0, 4031, 0, 0, 0, 0, 0, 4037, 4038, 0, 0, 4041, 0, 0, 0, 0, 0, 4047, 4048, 0, 0, 0, 4052, 4053, 0, 0, 0, 0, 4058, 0, 0, 4061, 0, 0, 0, 4065, 4066, 0, 4068, 0, 0, 0, 0, 0, 0, 0, 4076, 0, 0, 4079, 4080, 0, 0, 4083, 0, 4085, 0, 0, 0, 4089, 0, 0, 4092, 4093, 0, 0, 0, 0, 4098, 4099
0, 0, 0, 0, 0, 0, 0, 0, 0, 0, 0, 0, 0, 4113, 0, 4115, 0, 0, 0, 0, 0, 0, 0, 0, 4124, 0, 4126, 4127, 4128, 0, 4130, 0, 0, 4133, 0, 0, 0, 4137, 0, 4139, 0, 4141, 0, 4143, 4144, 0, 0, 0, 0, 0, 0, 0, 0, 4153, 0, 4155, 0, 0, 4158, 0, 0, 0, 0, 0, 4164, 0, 0, 0, 0, 4169, 4170, 0, 0, 0, 0, 4175, 4176, 4177, 4178, 0, 0, 4181, 4182, 4183, 4184, 0, 4186, 0, 0, 4189, 4190, 4191, 0, 0, 4194, 0, 4196, 0, 0, 4199
0, 0, 0, 0, 4204, 0, 0, 0, 4208, 0, 0, 0, 0, 4213, 0, 0, 0, 0, 4218, 0, 0, 4221, 0, 0, 0, 0, 0, 0, 0, 0, 4230, 0, 0, 4233, 0, 0, 4236, 0, 0, 4239, 0, 0, 0, 0, 0, 0, 0, 4247, 0, 0, 0, 0, 0, 0, 0, 4255, 0, 0, 4258, 0, 0, 0, 0, 4263, 4264, 0, 0, 4267, 4268, 0, 4270, 0, 0, 4273, 4274, 4275, 4276, 0, 4278, 4279, 0, 0, 0, 0, 4284, 0, 0, 4287, 0, 0, 0, 4291, 0, 0, 4294, 0, 0, 4297, 0, 4299
0, 4301, 0, 4303, 4304, 0, 4306, 4307, 4308, 4309, 4310, 0, 0, 0, 4314, 0, 0, 0, 0, 4319, 4320, 0, 4322, 0, 4324, 0, 4326, 0, 0, 0, 0, 0, 0, 0, 0, 0, 4336, 4337, 0, 0, 4340, 0, 4342, 0, 4344, 4345, 0, 0, 0, 0, 0, 0, 0, 0, 0, 4355, 4356, 0, 0, 0, 0, 0, 4362, 4363, 0, 4365, 0, 0, 4368, 0, 0, 4371, 0, 4373, 0, 0, 0, 0, 4378, 0, 0, 0, 0, 0, 0, 0, 0, 0, 0, 0, 4390, 0, 4392, 0, 0, 0, 0, 0, 0, 4399
0, 4401, 0, 4403, 0, 4405, 0, 0, 0, 0, 4410, 0, 0, 4413, 0, 4415, 4416, 0, 0, 0, 0, 0, 4422, 0, 0, 0, 0, 0, 0, 0, 0, 4431, 0, 4433, 0, 0, 0, 0, 0, 0, 0, 0, 4442, 0, 0, 0, 0, 0, 4448, 0, 0, 0, 0, 0, 0, 0, 0, 4457, 0, 4459, 0, 4461, 0, 4463, 4464, 4465, 0, 0, 0, 4469, 0, 0, 0, 0, 0, 0, 4476, 0, 4478, 4479, 4480, 4481, 4482, 0, 0, 0, 0, 0, 0, 0, 0, 4491, 0, 4493, 4494, 4495, 0, 4497, 4498, 4499
4500, 0, 4502, 0, 0, 0, 4506, 0, 0, 4509, 0, 0, 4512, 4513, 0, 0, 0, 0, 0, 0, 0, 0, 0, 0, 0, 0, 4526, 0, 0, 0, 0, 0, 4532, 4533, 0, 0, 0, 0, 0, 4539, 0, 4541, 0, 0, 0, 0, 0, 0, 0, 0, 4550, 0, 4552, 0, 4554, 0, 0, 0, 0, 4559, 4560, 4561, 0, 0, 0, 0, 4566, 0, 0, 0, 0, 0, 0, 0, 0, 0, 4576, 4577, 0, 0, 0, 0, 0, 0, 4584, 0, 0, 0, 0, 0, 0, 0, 0, 0, 4594, 0, 0, 4597, 0, 0
0, 0, 0, 4603, 0, 0, 0, 4607, 0, 4609, 4610, 0, 0, 0, 0, 0, 4616, 0, 0, 0, 4620, 0, 0, 0, 0, 0, 0, 0, 0, 0, 0, 0, 4632, 4633, 0, 4635, 0, 4637, 0, 0, 4640, 0, 4642, 0, 4644, 0, 0, 0, 4648, 4649, 0, 0, 0, 4653, 0, 4655, 4656, 4657, 0, 0, 0, 4661, 0, 0, 0, 0, 0, 0, 0, 0, 0, 0, 4672, 4673, 0, 0, 0, 0, 0, 0, 4680, 0, 4682, 4683, 4684, 0, 4686, 4687, 0, 4689, 0, 4691, 0, 4693, 0, 0, 0, 4697, 0, 0
0, 4701, 4702, 0, 4704, 0, 0, 0, 0, 4709, 0, 4711, 4712, 0, 4714, 0, 0, 0, 0, 4719, 0, 0, 0, 0, 4724, 0, 0, 0, 0, 4729, 0, 0, 0, 0, 4734, 0, 0, 0, 4738, 4739, 0, 0, 4742, 0, 0, 0, 0, 0, 0, 0, 0, 0, 0, 4753, 4754, 0, 0, 0, 4758, 0, 4760, 0, 4762, 4763, 0, 4765, 0, 0, 0, 0, 0, 0, 0, 4773, 0, 0, 0, 4777, 4778, 4779, 0, 0, 0, 4783, 0, 0, 0, 0, 4788, 0, 4790, 4791, 0, 0, 0, 4795, 4796, 0, 4798, 4799
4800, 0, 0, 0, 0, 0, 0, 0, 0, 0, 0, 0, 0, 0, 0, 4815, 4816, 0, 0, 4819, 0, 0, 0, 0, 0, 0, 0, 0, 4828, 0, 0, 4831, 0, 0, 4834, 0, 0, 4837, 0, 0, 0, 0, 0, 4843, 0, 0, 0, 0, 0, 4849, 0, 0, 0, 0, 0, 4855, 0, 4857, 0, 0, 0, 4861, 0, 0, 0, 0, 0, 0, 0, 0, 0, 0, 4872, 4873, 0, 0, 4876, 0, 4878, 0, 0, 0, 0, 0, 0, 0, 0, 0, 4888, 0, 4890, 0, 4892, 0, 4894, 0, 0, 0, 4898, 0
4900, 0, 0, 0, 0, 4905, 0, 0, 0, 4909, 0, 0, 0, 0, 0, 0, 0, 4917, 4918, 0, 0, 0, 0, 0, 0, 0, 0, 0, 0, 0, 0, 0, 0, 0, 0, 4935, 0, 0, 0, 0, 0, 4941, 4942, 0, 0, 0, 0, 0, 0, 0, 0, 0, 4952, 4953, 0, 0, 0, 0, 0, 4959, 0, 0, 0, 0, 0, 0, 0, 0, 4968, 0, 4970, 0, 0, 4973, 4974, 0, 0, 0, 0, 0, 0, 4981, 4982, 0, 0, 0, 0, 4987, 0, 4989, 4990, 0, 0, 0, 0, 4995, 4996, 0, 0, 0
0, 0, 0, 5003, 5004, 5005, 0, 0, 0, 0, 5010, 0, 5012, 0, 5014, 0, 0, 0, 0, 5019, 5020, 0, 0, 5023, 0, 5025, 0, 0, 5028, 5029, 0, 0, 0, 0, 5034, 0, 0, 0, 0, 0, 5040, 0, 0, 5043, 5044, 0, 0, 0, 0, 0, 5050, 0, 5052, 5053, 5054, 0, 5056, 0, 0, 5059, 0, 0, 0, 0, 0, 0, 5066, 5067, 0, 0, 0, 5071, 0, 5073, 5074, 0, 5076, 0, 0, 0, 5080, 0, 0, 5083, 0, 0, 0, 0, 0, 5089, 5090, 0, 0, 0, 5094, 0, 0, 5097, 0, 0
0, 5101, 0, 0, 5104, 0, 0, 5107, 0, 5109, 0, 0, 0, 5113, 0, 0, 0, 0, 0, 5119, 0, 5121, 0, 0, 0, 5125, 5126, 0, 5128, 0, 5130, 5131, 5132, 0, 0, 5135, 0, 0, 5138, 0, 0, 5141, 5142, 0, 5144, 0, 0, 0, 5148, 5149, 0, 0, 5152, 0, 5154, 0, 0, 5157, 0, 0, 5160, 0, 0, 5163, 0, 5165, 0, 5167, 5168, 0, 0, 5171, 0, 0, 0, 0, 0, 5177, 5178, 0, 0, 0, 5182, 0, 5184, 0, 0, 0, 0, 0, 5190, 0, 0, 0, 0, 0, 0, 5197, 5198, 5199
0, 0, 0, 5203, 5204, 5205, 0, 0, 0, 5209, 0, 0, 0, 5213, 0, 0, 5216, 0, 0, 0, 0, 0, 5222, 0, 0, 5225, 0, 5227, 5228, 0, 5230, 0, 0, 0, 0, 0, 5236, 0, 0, 0, 0, 0, 5242, 0, 0, 0, 0, 0, 0, 0, 0, 5251, 0, 0, 0, 0, 0, 0, 0, 5259, 0, 0, 0, 0, 0, 0, 5266, 0, 0, 0, 0, 0, 0, 0, 0, 5275, 0, 0, 0, 5279, 0, 5281, 5282, 0, 0, 0, 0, 0, 5288, 5289, 5290, 0, 0, 5293, 0, 5295, 5296, 0, 0, 0
0, 5301, 0, 5303, 5304, 0, 0, 0, 0, 5309, 0, 0, 0, 0, 0, 0, 5316, 0, 0, 5319, 0, 5321, 0, 0, 0, 5325, 0, 5327, 5328, 0, 0, 0, 0, 0, 5334, 0, 0, 0, 5338, 0, 0, 0, 5342, 0, 5344, 5345, 0, 0, 5348, 0, 0, 0, 0, 5353, 0, 0, 5356, 0, 0, 0, 0, 0, 0, 0, 5364, 0, 5366, 5367, 0, 5369, 0, 5371, 0, 0, 0, 0, 0, 0, 5378, 0, 0, 0, 5382, 0, 0, 0, 0, 0, 0, 0, 0, 0, 5392, 0, 0, 5395, 0, 0, 5398, 0
0, 0, 0, 0, 0, 0, 0, 5407, 0, 0, 0, 0, 0, 0, 0, 0, 5416, 0, 5418, 0, 0, 5421, 5422, 0, 5424, 5425, 0, 0, 0, 0, 0, 0, 0, 0, 0, 0, 0, 0, 0, 0, 0, 0, 5442, 0, 0, 0, 0, 0, 5448, 0, 0, 0, 0, 0, 0, 0, 0, 5457, 0, 0, 0, 0, 5462, 0, 0, 0, 0, 0, 0, 0, 0, 5471, 5472, 0, 0, 0, 0, 0, 5478, 0, 0, 0, 0, 0, 0, 0, 0, 0, 0, 0, 0, 0, 0, 5493, 5494, 5495, 0, 5497, 0, 5499
0, 5501, 5502, 0, 0, 0, 5506, 0, 5508, 0, 5510, 0, 5512, 5513, 0, 0, 0, 0, 0, 0, 0, 0, 0, 0, 5524, 0, 0, 5527, 0, 5529, 5530, 5531, 5532, 0, 0, 0, 0, 0, 0, 0, 5540, 0, 5542, 5543, 0, 0, 0, 5547, 5548, 0, 0, 0, 5552, 0, 0, 0, 0, 0, 5558, 0, 5560, 5561, 0, 5563, 0, 0, 0, 0, 0, 0, 5570, 0, 5572, 5573, 0, 5575, 0, 5577, 5578, 0, 0, 5581, 0, 5583, 0, 5585, 0, 5587, 5588, 0, 0, 5591, 0, 0, 5594, 0, 0, 5597, 5598, 0
0, 5601, 5602, 0, 5604, 0, 0, 0, 5608, 0, 5610, 5611, 0, 0, 5614, 0, 0, 0, 0, 5619, 0, 0, 0, 0, 5624, 5625, 0, 5627, 5628, 0, 0, 0, 0, 0, 0, 5635, 0, 0, 0, 0, 0, 0, 0, 0, 5644, 0, 5646, 0, 5648, 5649, 0, 5651, 0, 0, 0, 0, 0, 5657, 0, 0, 5660, 5661, 5662, 5663, 0, 5665, 0, 5667, 0, 5669, 0, 0, 0, 5673, 0, 0, 0, 5677, 0, 5679, 5680, 0, 0, 0, 5684, 5685, 0, 0, 0, 5689, 0, 0, 5692, 0, 0, 0, 0, 5697, 0, 0
0, 0, 0, 5703, 0, 0, 0, 0, 0, 0, 0, 0, 0, 5713, 5714, 5715, 0, 0, 0, 0, 0, 0, 5722, 0, 0, 0, 0, 0, 0, 0, 0, 0, 0, 5733, 5734, 5735, 0, 0, 0, 5739, 0, 0, 0, 0, 5744, 0, 0, 0, 0, 0, 5750, 5751, 5752, 0, 0, 0, 0, 0, 0, 0, 0, 5761, 0, 0, 0, 0, 0, 5767, 5768, 0, 5770, 5771, 0, 0, 0, 0, 0, 0, 5778, 5779, 0, 5781, 5782, 0, 0, 0, 5786, 0, 5788, 0, 0, 5791, 0, 5793, 5794, 0, 0, 0, 5798, 0
0, 0, 0, 0, 5804, 0, 5806, 0, 0, 5809, 0, 0, 5812, 0, 0, 0, 0, 5817, 5818, 0, 0, 0, 0, 0, 5824, 0, 0, 0, 0, 5829, 5830, 0, 0, 0, 5834, 0, 5836, 5837, 0, 0, 0, 5841, 0, 0, 0, 0, 5846, 5847, 0, 5849, 0, 5851, 5852, 5853, 0, 5855, 0, 0, 0, 0, 0, 0, 5862, 5863, 0, 0, 0, 5867, 0, 0, 0, 0, 5872, 0, 5874, 0, 0, 0, 0, 0, 0, 0, 0, 0, 0, 0, 0, 0, 0, 5889, 0, 0, 0, 0, 0, 0, 5896, 0, 5898, 0
0, 0, 5902, 0, 0, 0, 0, 0, 0, 5909, 0, 5911, 0, 0, 0, 0, 0, 5917, 5918, 5919, 0, 0, 0, 0, 5924, 5925, 0, 5927, 0, 0, 0, 0, 0, 0, 0, 5935, 0, 0, 0, 0, 0, 5941, 0, 0, 5944, 0, 0, 0, 0, 0, 0, 0, 5952, 0, 0, 0, 0, 5957, 0, 5959, 0, 5961, 0, 0, 0, 0, 0, 0, 0, 0, 0, 5971, 5972, 5973, 5974, 0, 0, 0, 5978, 5979, 5980, 0, 0, 0, 0, 5985, 0, 0, 5988, 0, 0, 0, 0, 0, 0, 0, 0, 0, 0, 5999
0, 6001, 0, 0, 6004, 6005, 6006, 0, 0, 6009, 0, 0, 0, 6013, 0, 0, 6016, 0, 6018, 6019, 0, 6021, 0, 0, 6024, 6025, 0, 0, 6028, 6029, 0, 6031, 0, 6033, 0, 0, 0, 0, 0, 0, 6040, 0, 0, 0, 0, 0, 0, 0, 0, 0, 0, 0, 0, 0, 0, 0, 6056, 0, 6058, 6059, 0, 0, 0, 0, 0, 0, 0, 0, 0, 0, 0, 0, 0, 0, 0, 0, 0, 6077, 6078, 0, 0, 0, 0, 0, 0, 6085, 6086, 0, 6088, 0, 0, 0, 0, 0, 0, 0, 6096, 0, 0, 0
0, 0, 0, 0, 6104, 6105, 0, 0, 6108, 0, 0, 0, 0, 6113, 6114, 6115, 6116, 6117, 0, 6119, 0, 6121, 0, 0, 0, 0, 6126, 0, 6128, 0, 0, 0, 0, 0, 6134, 0, 0, 0, 6138, 0, 0, 0, 0, 0, 0, 0, 6146, 0, 6148, 0, 0, 0, 0, 0, 0, 6155, 0, 0, 0, 0, 0, 6161, 0, 6163, 0, 0, 0, 0, 6168, 0, 6170, 0, 6172, 6173, 6174, 0, 6176, 0, 6178, 6179, 0, 0, 0, 0, 0, 6185, 0, 6187, 6188, 6189, 0, 0, 6192, 0, 0, 0, 0, 0, 0, 6199
6200, 0, 0, 6203, 0, 0, 0, 0, 0, 0, 0, 0, 0, 6213, 6214, 6215, 6216, 0, 6218, 6219, 0, 6221, 0, 0, 0, 0, 0, 0, 0, 0, 6230, 0, 0, 0, 0, 6235, 0, 6237, 0, 6239, 0, 0, 6242, 0, 0, 6245, 0, 0, 0, 0, 0, 6251, 0, 6253, 0, 0, 0, 6257, 6258, 0, 0, 6261, 0, 0, 0, 0, 0, 0, 0, 0, 6270, 0, 6272, 6273, 0, 0, 6276, 6277, 0, 0, 0, 0, 0, 6283, 0, 6285, 0, 0, 6288, 0, 0, 0, 6292, 0, 6294, 0, 0, 0, 0, 0
6300, 0, 0, 0, 0, 0, 0, 0, 0, 0, 6310, 0, 6312, 0, 0, 0, 0, 0, 0, 0, 0, 6321, 0, 0, 0, 0, 0, 0, 0, 0, 0, 0, 0, 0, 0, 0, 0, 0, 0, 0, 6340, 0, 0, 6343, 0, 0, 0, 0, 0, 6349, 0, 6351, 6352, 6353, 0, 6355, 0, 6357, 0, 6359, 0, 0, 0, 0, 0, 6365, 6366, 0, 0, 6369, 0, 0, 0, 0, 0, 0, 6376, 0, 6378, 6379, 6380, 0, 6382, 6383, 0, 6385, 6386, 0, 0, 0, 0, 0, 0, 0, 6394, 6395, 0, 6397, 6398, 0
0, 0, 0, 0, 0, 0, 0, 0, 0, 0, 0, 0, 0, 0, 0, 0, 0, 0, 0, 0, 0, 6421, 0, 0, 0, 0, 0, 0, 0, 0, 0, 6431, 0, 0, 0, 0, 0, 6437, 0, 0, 0, 0, 6442, 0, 6444, 0, 0, 0, 0, 6449, 0, 0, 0, 6453, 0, 0, 0, 6457, 6458, 0, 0, 6461, 0, 6463, 6464, 0, 0, 0, 0, 0, 0, 6471, 6472, 0, 0, 6475, 0, 0, 0, 6479, 0, 6481, 0, 0, 6484, 6485, 0, 0, 0, 0, 6490, 0, 0, 0, 0, 0, 6496, 0, 6498, 0
0, 0, 0, 0, 6504, 0, 0, 0, 0, 0, 0, 0, 0, 6513, 6514, 0, 6516, 0, 6518, 6519, 6520, 6521, 0, 0, 0, 6525, 6526, 0, 0, 0, 6530, 6531, 6532, 0, 0, 0, 0, 6537, 6538, 6539, 0, 0, 0, 0, 0, 0, 6546, 0, 6548, 6549, 6550, 0, 6552, 0, 0, 0, 6556, 0, 0, 0, 6560, 0, 0, 6563, 6564, 6565, 0, 0, 6568, 0, 0, 0, 0, 6573, 6574, 0, 0, 0, 0, 0, 0, 0, 0, 0, 0, 6585, 0, 6587, 0, 0, 0, 0, 6592, 6593, 0, 0, 6596, 6597, 6598, 6599
0, 0, 0, 0, 0, 0, 0, 0, 0, 6609, 0, 0, 0, 6613, 0, 0, 6616, 0, 0, 0, 0, 0, 0, 0, 0, 6625, 6626, 0, 0, 6629, 6630, 0, 0, 0, 0, 0, 0, 6637, 0, 0, 0, 6641, 0, 0, 6644, 0, 0, 6647, 0, 6649, 0, 0, 0, 6653, 0, 0, 6656, 0, 0, 0, 0, 0, 0, 0, 6664, 0, 0, 0, 0, 0, 0, 0, 0, 6673, 0, 0, 0, 6677, 0, 0, 6680, 6681, 0, 6683, 6684, 0, 0, 6687, 0, 6689, 0, 0, 0, 0, 0, 0, 0, 6697, 6698, 6699
0, 0, 0, 0, 0, 0, 6706, 0, 0, 0, 0, 0, 0, 0, 0, 0, 6716, 0, 0, 0, 0, 0, 0, 0, 0, 0, 6726, 0, 0, 6729, 0, 6731, 6732, 0, 6734, 0, 0, 0, 0, 6739, 0, 0, 0, 0, 6744, 0, 0, 0, 0, 0, 0, 6751, 0, 6753, 0, 6755, 0, 6757, 6758, 0, 6760, 0, 0, 6763, 0, 0, 6766, 0, 0, 6769, 0, 6771, 6772, 6773, 0, 6775, 0, 0, 0, 6779, 0, 6781, 6782, 6783, 0, 0, 0, 0, 0, 0, 6790, 0, 6792, 0, 0, 0, 0, 0, 6798, 6799
6800, 6801, 0, 6803, 6804, 0, 0, 0, 0, 0, 0, 0, 0, 0, 6814, 6815, 0, 0, 0, 0, 0, 0, 6822, 0, 6824, 0, 6826, 0, 0, 6829, 6830, 0, 6832, 0, 0, 6835, 6836, 0, 6838, 0, 0, 0, 6842, 6843, 0, 6845, 0, 0, 0, 0, 0, 6851, 0, 0, 0, 0, 0, 0, 0, 6859, 0, 0, 0, 0, 0, 0, 0, 0, 0, 0, 0, 0, 0, 0, 0, 0, 0, 6877, 6878, 6879, 6880, 0, 0, 6883, 0, 0, 0, 0, 0, 6889, 0, 6891, 0, 0, 0, 0, 6896, 0, 0, 0
6900, 0, 0, 0, 6904, 0, 0, 0, 6908, 0, 0, 6911, 6912, 0, 0, 0, 0, 6917, 6918, 6919, 0, 6921, 0, 6923, 0, 0, 6926, 0, 0, 0, 0, 6931, 0, 0, 0, 0, 0, 0, 0, 0, 6940, 0, 0, 6943, 6944, 6945, 0, 0, 6948, 0, 0, 0, 0, 0, 0, 6955, 0, 0, 0, 0, 6960, 0, 6962, 6963, 0, 0, 6966, 0, 0, 0, 0, 0, 6972, 6973, 0, 6975, 6976, 0, 6978, 6979, 6980, 0, 0, 0, 6984, 6985, 6986, 0, 0, 0, 6990, 6991, 0, 0, 6994, 0, 6996, 0, 0, 0
7000, 0, 7002, 0, 0, 7005, 0, 0, 0, 0, 0, 0, 0, 7013, 0, 0, 0, 0, 7018, 7019, 7020, 7021, 0, 0, 0, 7025, 0, 0, 0, 0, 0, 7031, 7032, 7033, 0, 0, 7036, 7037, 0, 0, 0, 7041, 7042, 0, 0, 0, 7046, 0, 7048, 7049, 0, 7051, 7052, 0, 0, 0, 0, 0, 0, 0, 7060, 0, 0, 0, 0, 0, 0, 0, 0, 0, 7070, 7071, 0, 7073, 0, 7075, 0, 0, 7078, 0, 7080, 0, 0, 7083, 0, 0, 0, 0, 0, 0, 7090, 0, 7092, 0, 0, 0, 0, 0, 0, 0
0, 0, 0, 0, 0, 0, 0, 0, 7108, 0, 0, 7111, 7112, 7113, 0, 0, 0, 0, 7118, 7119, 0, 0, 0, 0, 7124, 7125, 0, 0, 7128, 0, 0, 0, 0, 0, 0, 7135, 0, 7137, 0, 0, 0, 7141, 0, 0, 7144, 0, 0, 0, 7148, 7149, 7150, 0, 0, 0, 7154, 0, 0, 0, 7158, 0, 0, 7161, 7162, 0, 7164, 0, 0, 0, 0, 0, 0, 7171, 0, 7173, 0, 0, 0, 0, 7178, 0, 0, 7181, 7182, 7183, 0, 7185, 0, 7187, 0, 0, 0, 7191, 0, 0, 0, 0, 7196, 0, 7198, 0
7200, 0, 0, 0, 0, 0, 0, 7207, 7208, 0, 0, 0, 7212, 0, 0, 0, 0, 0, 0, 0, 7220, 0, 7222, 0, 7224, 7225, 7226, 7227, 0, 0, 0, 0, 7232, 0, 7234, 0, 0, 0, 0, 7239, 0, 0, 0, 0, 7244, 7245, 0, 0, 0, 0, 0, 7251, 0, 7253, 0, 0, 0, 0, 0, 0, 0, 0, 0, 7263, 7264, 7265, 0, 7267, 0, 0, 7270, 7271, 0, 0, 0, 0, 0, 0, 7278, 0, 0, 0, 0, 0, 0, 0, 7286, 0, 0, 0, 0, 0, 0, 0, 0, 0, 0, 0, 0, 0
7300, 0, 0, 0, 0, 7305, 0, 0, 7308, 0, 0, 7311, 0, 0, 0, 0, 0, 0, 7318, 0, 0, 0, 0, 0, 7324, 0, 0, 0, 0, 0, 0, 0, 0, 0, 0, 0, 7336, 0, 7338, 0, 7340, 0, 0, 0, 0, 7345, 0, 0, 0, 7349, 0, 0, 0, 7353, 0, 0, 0, 0, 0, 0, 7360, 0, 0, 0, 7364, 7365, 0, 0, 0, 0, 0, 0, 7372, 0, 0, 0, 0, 0, 0, 7379, 0, 7381, 0, 0, 0, 7385, 7386, 7387, 0, 0, 0, 0, 0, 7393, 0, 0, 7396, 7397, 0, 0
0, 0, 0, 0, 0, 0, 0, 7407, 0, 0, 7410, 0, 7412, 0, 7414, 0, 0, 7417, 0, 0, 0, 7421, 0, 7423, 7424, 0, 0, 7427, 0, 0, 0, 7431, 0, 7433, 0, 7435, 7436, 0, 7438, 7439, 0, 7441, 0, 0, 0, 0, 0, 0, 7448, 7449, 0, 7451, 0, 0, 7454, 7455, 0, 7457, 7458, 0, 7460, 0, 0, 0, 0, 7465, 0, 0, 0, 7469, 0, 0, 0, 7473, 0, 0, 7476, 0, 0, 0, 0, 7481, 0, 7483, 0, 7485, 0, 7487, 0, 0, 0, 0, 7492, 7493, 7494, 0, 7496, 7497, 0, 7499
0, 0, 0, 0, 0, 0, 0, 0, 7508, 0, 0, 7511, 0, 0, 7514, 0, 7516, 0, 0, 0, 7520, 0, 0, 7523, 0, 0, 0, 7527, 7528, 0, 7530, 0, 0, 0, 7534, 0, 7536, 7537, 0, 7539, 0, 0, 0, 0, 7544, 0, 7546, 7547, 0, 0, 0, 0, 7552, 0, 0, 0, 0, 0, 0, 7559, 7560, 0, 0, 0, 0, 0, 0, 0, 0, 7569, 0, 0, 0, 7573, 7574, 0, 0, 7577, 7578, 7579, 0, 0, 7582, 7583, 7584, 0, 0, 0, 7588, 0, 0, 7591, 0, 0, 0, 0, 7596, 0, 0, 0
0, 0, 7602, 7603, 7604, 0, 0, 0, 0, 0, 0, 0, 0, 0, 0, 0, 0, 0, 0, 0, 7620, 0, 0, 0, 0, 7625, 0, 0, 0, 0, 0, 7631, 0, 0, 7634, 0, 0, 7637, 0, 7639, 0, 7641, 0, 7643, 0, 0, 0, 7647, 0, 0, 0, 7651, 0, 7653, 0, 0, 7656, 0, 7658, 0, 7660, 0, 0, 0, 0, 7665, 0, 0, 0, 0, 0, 0, 0, 0, 0, 0, 0, 0, 0, 0, 0, 0, 0, 0, 0, 7685, 0, 0, 0, 0, 0, 0, 7692, 0, 0, 0, 7696, 7697, 7698, 7699
0, 0, 0, 0, 0, 0, 0, 0, 0, 7709, 0, 0, 7712, 0, 0, 7715, 0, 0, 0, 0, 7720, 0, 7722, 7723, 0, 7725, 0, 0, 0, 7729, 0, 0, 0, 0, 0, 0, 7736, 7737, 0, 7739, 0, 7741, 0, 0, 0, 0, 0, 7747, 0, 0, 7750, 7751, 0, 7753, 7754, 0, 0, 7757, 0, 0, 7760, 0, 0, 0, 7764, 7765, 0, 7767, 0, 7769, 7770, 0, 7772, 0, 0, 0, 0, 7777, 0, 0, 0, 0, 0, 0, 7784, 0, 0, 0, 0, 0, 0, 0, 0, 0, 7794, 0, 7796, 7797, 0, 7799
0, 7801, 0, 0, 0, 7805, 7806, 0, 7808, 0, 0, 0, 0, 0, 0, 0, 0, 7817, 0, 0, 0, 0, 0, 7823, 0, 7825, 0, 0, 7828, 0, 0, 0, 0, 0, 0, 7835, 0, 7837, 0, 0, 0, 0, 0, 0, 0, 7845, 7846, 0, 0, 0, 0, 0, 0, 0, 0, 0, 0, 0, 0, 0, 0, 7861, 0, 0, 0, 0, 7866, 7867, 0, 0, 0, 0, 7872, 0, 0, 0, 7876, 7877, 7878, 0, 0, 0, 7882, 0, 0, 7885, 0, 0, 0, 0, 7890, 7891, 0, 0, 0, 0, 0, 7897, 0, 0
0, 0, 0, 0, 0, 7905, 0, 0, 7908, 0, 0, 0, 0, 7913, 0, 7915, 7916, 7917, 0, 0, 0, 0, 0, 0, 0, 0, 0, 0, 0, 7929, 0, 0, 0, 0, 7934, 0, 0, 7937, 7938, 0, 7940, 7941, 0, 0, 7944, 0, 0, 7947, 7948, 0, 0, 0, 0, 0, 7954, 7955, 7956, 0, 0, 0, 0, 7961, 7962, 0, 0, 0, 0, 0, 7968, 0, 0, 7971, 0, 0, 0, 0, 0, 0, 0, 0, 0, 0, 7982, 0, 0, 7985, 0, 0, 7988, 0, 0, 0, 0, 0, 0, 0, 0, 0, 7998, 0
8000, 0, 0, 0, 0, 0, 0, 0, 8008, 0, 8010, 0, 8012, 8013, 0, 0, 8016, 8017, 0, 8019, 0, 8021, 0, 0, 0, 0, 0, 8027, 0, 8029, 0, 0, 8032, 0, 8034, 8035, 8036, 0, 0, 0, 0, 0, 0, 0, 0, 0, 0, 0, 0, 0, 0, 8051, 0, 0, 0, 0, 0, 0, 8058, 0, 0, 8061, 8062, 0, 0, 8065, 0, 0, 0, 0, 0, 0, 8072, 8073, 0, 0, 0, 0, 0, 0, 0, 0, 0, 0, 8084, 8085, 0, 0, 0, 0, 8090, 8091, 0, 0, 0, 0, 0, 0, 8098, 8099
0, 0, 0, 0, 0, 0, 8106, 0, 8108, 0, 0, 0, 8112, 0, 0, 8115, 0, 0, 0, 8119, 8120, 0, 8122, 8123, 0, 0, 0, 8127, 8128, 0, 0, 8131, 0, 0, 0, 0, 0, 8137, 8138, 0, 0, 0, 8142, 0, 8144, 8145, 0, 0, 0, 0, 0, 0, 8152, 0, 0, 0, 8156, 8157, 0, 0, 0, 8161, 0, 0, 8164, 0, 0, 0, 0, 0, 0, 8171, 0, 0, 0, 0, 0, 0, 0, 8179, 8180, 8181, 0, 0, 8184, 0, 0, 0, 0, 0, 0, 8191, 0, 8193, 8194, 0, 0, 0, 0, 0
8200, 0, 0, 0, 0, 0, 8206, 8207, 0, 0, 0, 0, 0, 0, 8214, 0, 8216, 0, 0, 0, 0, 0, 0, 8223, 0, 0, 0, 0, 0, 0, 0, 8231, 0, 8233, 0, 0, 8236, 8237, 0, 0, 0, 8241, 0, 8243, 0, 0, 0, 8247, 0, 0, 0, 0, 0, 8253, 0, 8255, 0, 0, 0, 8259, 8260, 8261, 8262, 0, 0, 0, 8266, 8267, 0, 8269, 0, 8271, 8272, 8273, 8274, 0, 0, 0, 0, 0, 8280, 0, 8282, 0, 0, 0, 0, 0, 0, 0, 0, 0, 0, 8293, 8294, 0, 0, 0, 0, 0
0, 0, 0, 0, 0, 0, 0, 8307, 8308, 0, 0, 8311, 0, 0, 0, 8315, 0, 0, 0, 0, 8320, 0, 0, 0, 0, 0, 8326, 8327, 0, 0, 0, 0, 8332, 0, 0, 0, 0, 8337, 0, 0, 8340, 8341, 0, 0, 0, 8345, 0, 0, 0, 0, 0, 0, 0, 0, 0, 0, 8356, 0, 0, 0, 0, 0, 8362, 0, 8364, 0, 0, 0, 8368, 8369, 8370, 0, 0, 0, 8374, 8375, 0, 8377, 8378, 0, 0, 0, 0, 8383, 0, 0, 0, 0, 0, 0, 8390, 0, 0, 0, 0, 0, 8396, 0, 0, 8399
0, 0, 0, 0, 0, 0, 8406, 8407, 0, 8409, 0, 0, 0, 0, 8414, 0, 0, 0, 0, 8419, 8420, 0, 0, 0, 0, 0, 0, 8427, 8428, 8429, 8430, 8431, 8432, 0, 0, 0, 0, 0, 0, 0, 0, 0, 0, 0, 8444, 0, 0, 0, 0, 8449, 0, 0, 0, 0, 8454, 0, 8456, 0, 0, 0, 0, 0, 0, 0, 0, 0, 0, 0, 0, 8469, 8470, 8471, 0, 0, 0, 0, 0, 8477, 0, 8479, 8480, 0, 0, 0, 0, 0, 8486, 8487, 0, 0, 0, 0, 0, 0, 8494, 0, 0, 0, 8498, 0
0, 8501, 8502, 0, 8504, 0, 8506, 0, 0, 0, 0, 0, 0, 0, 0, 0, 8516, 0, 0, 0, 0, 8521, 8522, 8523, 8524, 0, 0, 0, 0, 0, 8530, 0, 8532, 8533, 0, 0, 0, 8537, 0, 8539, 0, 0, 0, 8543, 8544, 0, 0, 8547, 8548, 0, 0, 0, 0, 0, 0, 0, 8556, 0, 0, 0, 8560, 0, 0, 8563, 0, 8565, 8566, 8567, 8568, 0, 8570, 0, 8572, 0, 0, 8575, 0, 0, 8578, 0, 8580, 0, 8582, 0, 0, 0, 0, 0, 8588, 8589, 0, 8591, 0, 0, 8594, 8595, 8596, 8597, 0, 8599
0, 0, 0, 0, 8604, 0, 0, 0, 0, 0, 8610, 0, 0, 8613, 8614, 8615, 0, 0, 0, 0, 0, 0, 0, 0, 8624, 0, 0, 8627, 0, 0, 8630, 0, 8632, 8633, 8634, 0, 0, 0, 8638, 0, 0, 0, 0, 8643, 0, 0, 8646, 0, 0, 0, 8650, 0, 8652, 0, 0, 8655, 0, 0, 8658, 0, 0, 0, 0, 0, 0, 0, 0, 8667, 0, 8669, 0, 8671, 8672, 0, 0, 0, 0, 0, 0, 0, 0, 0, 0, 0, 0, 8685, 0, 8687, 0, 0, 0, 0, 8692, 8693, 0, 0, 8696, 0, 0, 0
0, 0, 8702, 0, 0, 0, 0, 8707, 0, 8709, 0, 0, 0, 0, 0, 0, 0, 0, 0, 0, 8720, 8721, 0, 8723, 0, 0, 8726, 0, 0, 0, 0, 0, 0, 0, 8734, 8735, 0, 0, 0, 0, 0, 0, 8742, 0, 8744, 0, 0, 0, 8748, 8749, 8750, 8751, 8752, 8753, 8754, 8755, 0, 8757, 0, 8759, 8760, 8761, 0, 0, 0, 0, 0, 8767, 8768, 0, 8770, 0, 8772, 8773, 8774, 0, 0, 0, 8778, 8779, 0, 8781, 8782, 0, 8784, 8785, 0, 0, 0, 0, 0, 0, 8792, 0, 0, 0, 8796, 0, 0, 8799
0, 0, 0, 0, 0, 0, 8806, 0, 8808, 8809, 0, 0, 0, 0, 8814, 0, 0, 0, 8818, 0, 0, 0, 8822, 8823, 8824, 0, 0, 8827, 8828, 0, 8830, 0, 8832, 0, 0, 0, 0, 0, 0, 0, 0, 0, 8842, 0, 8844, 8845, 0, 0, 0, 0, 0, 0, 8852, 0, 0, 0, 0, 0, 0, 0, 8860, 8861, 0, 8863, 8864, 0, 0, 0, 0, 0, 8870, 0, 0, 8873, 0, 0, 8876, 0, 8878, 0, 0, 0, 0, 0, 0, 8885, 0, 8887, 0, 8889, 0, 0, 0, 8893, 0, 0, 8896, 0, 8898, 0
8900, 8901, 8902, 0, 8904, 0, 8906, 8907, 8908, 8909, 0, 0, 0, 8913, 8914, 0, 8916, 0, 0, 0, 8920, 0, 0, 0, 8924, 0, 0, 0, 8928, 0, 0, 8931, 0, 0, 8934, 0, 0, 0, 8938, 8939, 8940, 0, 0, 0, 0, 0, 0, 8947, 0, 8949, 0, 0, 8952, 8953, 0, 0, 8956, 0, 0, 8959, 0, 0, 0, 0, 0, 0, 0, 0, 0, 0, 8970, 0, 8972, 0, 8974, 8975, 8976, 0, 8978, 0, 0, 0, 8982, 8983, 0, 8985, 0, 0, 0, 0, 0, 0, 8992, 8993, 0, 8995, 0, 0, 0, 0
0, 0, 0, 0, 0, 9005, 0, 0, 0, 0, 9010, 0, 0, 9013, 0, 0, 0, 0, 9018, 9019, 0, 9021, 0, 9023, 9024, 0, 0, 0, 0, 0, 9030, 0, 0, 9033, 0, 0, 0, 0, 0, 0, 0, 0, 0, 0, 0, 0, 0, 0, 0, 9049, 0, 0, 9052, 0, 0, 9055, 0, 9057, 0, 0, 0, 0, 0, 0, 0, 0, 0, 9067, 0, 0, 0, 0, 9072, 0, 9074, 0, 0, 9077, 0, 0, 9080, 0, 0, 0, 9084, 9085, 0, 0, 0, 9089, 0, 9091, 0, 9093, 0, 9095, 0, 0, 9098, 9099
0, 0, 0, 0, 9104, 0, 0, 0, 0, 9109, 9110, 0, 0, 0, 9114, 0, 0, 0, 9118, 0, 0, 0, 0, 9123, 0, 0, 0, 9127, 0, 9129, 0, 0, 0, 0, 0, 0, 9136, 0, 0, 0, 9140, 0, 0, 0, 9144, 0, 0, 0, 0, 0, 0, 0, 9152, 0, 0, 0, 0, 9157, 0, 0, 9160, 0, 0, 0, 9164, 0, 9166, 9167, 0, 0, 0, 0, 9172, 9173, 9174, 9175, 0, 0, 0, 0, 0, 9181, 0, 0, 0, 9185, 0, 9187, 9188, 9189, 9190, 9191, 0, 0, 0, 0, 9196, 0, 9198, 0
0, 0, 0, 0, 0, 9205, 0, 9207, 0, 9209, 0, 9211, 9212, 0, 0, 0, 0, 0, 0, 0, 9220, 0, 0, 0, 0, 0, 0, 0, 0, 0, 0, 0, 0, 9233, 9234, 0, 0, 0, 9238, 0, 0, 0, 0, 0, 9244, 0, 0, 0, 9248, 0, 9250, 9251, 9252, 0, 0, 0, 0, 0, 0, 0, 0, 9261, 0, 0, 0, 0, 0, 0, 9268, 9269, 9270, 0, 0, 0, 9274, 0, 9276, 9277, 0, 0, 0, 0, 0, 9283, 0, 9285, 0, 0, 0, 0, 0, 9291, 0, 0, 0, 0, 0, 0, 9298, 0
9300, 0, 9302, 0, 9304, 0, 0, 9307, 0, 0, 0, 0, 0, 0, 0, 0, 0, 9317, 0, 9319, 0, 9321, 9322, 9323, 0, 0, 0, 0, 0, 9329, 9330, 9331, 9332, 9333, 9334, 9335, 0, 0, 0, 0, 0, 0, 0, 0, 0, 0, 9346, 9347, 9348, 0, 9350, 0, 9352, 9353, 0, 0, 0, 0, 0, 9359, 0, 0, 0, 0, 9364, 0, 0, 9367, 0, 0, 9370, 0, 0, 0, 0, 0, 9376, 0, 0, 0, 0, 0, 0, 0, 0, 0, 0, 0, 0, 0, 0, 9391, 0, 9393, 0, 0, 0, 9397, 0, 0
0, 0, 9402, 0, 0, 0, 0, 0, 9408, 0, 0, 0, 0, 0, 9414, 9415, 0, 0, 0, 0, 0, 0, 0, 0, 0, 9425, 9426, 9427, 0, 0, 0, 0, 0, 0, 9434, 0, 0, 0, 0, 0, 0, 9441, 9442, 0, 0, 0, 0, 9447, 9448, 0, 0, 0, 0, 0, 0, 9455, 9456, 0, 0, 9459, 9460, 0, 0, 0, 0, 0, 0, 9467, 0, 0, 0, 0, 0, 0, 9474, 0, 9476, 0, 9478, 0, 0, 0, 9482, 0, 0, 0, 0, 0, 0, 9489, 0, 0, 9492, 0, 9494, 0, 0, 0, 0, 0
9500, 9501, 0, 0, 0, 0, 0, 0, 0, 0, 0, 0, 0, 0, 0, 0, 0, 9517, 0, 0, 9520, 9521, 0, 9523, 0, 0, 0, 0, 9528, 0, 9530, 0, 0, 0, 9534, 0, 9536, 0, 9538, 0, 9540, 0, 9542, 0, 0, 0, 0, 0, 0, 0, 0, 0, 0, 9553, 0, 0, 0, 0, 0, 9559, 9560, 0, 0, 0, 0, 0, 0, 0, 9568, 0, 0, 9571, 0, 0, 9574, 0, 9576, 0, 0, 0, 0, 0, 9582, 0, 0, 0, 0, 0, 0, 0, 0, 0, 9592, 9593, 0, 0, 0, 9597, 0, 0
0, 0, 9602, 0, 0, 0, 0, 0, 9608, 0, 0, 9611, 0, 9613, 9614, 0, 9616, 9617, 0, 9619, 0, 0, 0, 0, 0, 0, 0, 9627, 0, 9629, 0, 9631, 0, 0, 0, 9635, 0, 9637, 0, 0, 0, 0, 0, 9643, 0, 0, 0, 0, 0, 9649, 0, 9651, 9652, 0, 0, 0, 0, 0, 0, 0, 0, 9661, 0, 0, 0, 9665, 9666, 0, 0, 9669, 9670, 0, 0, 0, 0, 0, 0, 9677, 0, 0, 0, 0, 0, 9683, 0, 0, 0, 9687, 0, 9689, 0, 0, 0, 0, 0, 9695, 0, 0, 0, 9699
9700, 0, 0, 0, 0, 9705, 9706, 0, 9708, 0, 9710, 0, 9712, 0, 0, 0, 0, 0, 9718, 9719, 0, 0, 0, 0, 0, 0, 0, 9727, 0, 0, 0, 9731, 0, 0, 0, 9735, 0, 0, 9738, 0, 0, 9741, 0, 0, 9744, 0, 0, 0, 0, 0, 0, 9751, 0, 9753, 9754, 0, 0, 0, 9758, 0, 9760, 9761, 0, 0, 0, 0, 9766, 9767, 9768, 0, 0, 0, 0, 9773, 0, 9775, 0, 0, 0, 9779, 9780, 9781, 0, 0, 9784, 0, 0, 0, 9788, 0, 0, 9791, 0, 9793, 9794, 0, 9796, 0, 0, 9799
0, 0, 9802, 0, 0, 0, 0, 9807, 0, 0, 9810, 9811, 0, 0, 0, 0, 0, 0, 9818, 0, 9820, 0, 0, 0, 0, 0, 0, 0, 0, 0, 0, 9831, 9832, 0, 9834, 0, 0, 0, 0, 0, 9840, 9841, 0, 0, 9844, 9845, 0, 9847, 0, 9849, 0, 0, 0, 0, 0, 0, 0, 0, 0, 9859, 9860, 0, 9862, 9863, 9864, 0, 9866, 0, 9868, 0, 9870, 9871, 0, 0, 0, 0, 0, 9877, 0, 0, 9880, 9881, 9882, 0, 9884, 0, 0, 0, 9888, 0, 0, 0, 0, 0, 0, 0, 9896, 0, 0, 9899
9900, 0, 9902, 0, 9904, 0, 0, 0, 0, 0, 0, 9911, 0, 0, 9914, 0, 9916, 0, 9918, 0, 9920, 0, 0, 0, 0, 9925, 0, 0, 0, 0, 0, 0, 9932, 0, 0, 0, 0, 0, 0, 9939, 0, 0, 0, 9943, 0, 9945, 0, 0, 0, 0, 0, 0, 0, 9953, 0, 0, 9956, 0, 0, 0, 0, 0, 0, 9963, 9964, 9965, 9966, 0, 0, 0, 0, 0, 0, 9973, 0, 0, 9976, 0, 0, 9979, 9980, 9981, 0, 0, 9984, 9985, 0, 0, 0, 0, 0, 0, 9992, 0, 0, 0, 0, 9997, 0, 9999
