0, 1, 0, 0, 4, 0, 0, 0, 0, 9, 0, 0, 0, 13, 14, 0, 0, 17, 0, 19, 20, 0, 0, 0, 24, 25, 0, 27, 0, 0, 0, 31, 32, 0, 34, 0, 36, 0, 38, 0, 0, 0, 42, 0, 0, 45, 0, 0, 48, 0
0, 51, 52, 53, 0, 0, 56, 0, 0, 0, 0, 0, 0, 0, 0, 0, 0, 0, 0, 0, 0, 0, 72, 0, 74, 0, 0, 0, 0, 0, 80, 0, 0, 83, 0, 85, 0, 0, 0, 89, 0, 0, 0, 93, 94, 0, 0, 0, 0, 0
100, 0, 0, 103, 0, 105, 0, 0, 0, 0, 110, 0, 0, 0, 0, 115, 0, 117, 118, 0, 120, 121, 0, 0, 124, 0, 126, 0, 128, 0, 0, 0, 0, 0, 0, 135, 0, 0, 0, 139, 140, 0, 0, 0, 0, 145, 0, 0, 148, 0
0, 151, 0, 153, 154, 0, 0, 0, 158, 0, 160, 161, 162, 0, 0, 165, 0, 0, 0, 0, 0, 0, 172, 0, 0, 0, 0, 0, 0, 0, 0, 0, 0, 183, 0, 0, 0, 0, 188, 0, 0, 191, 0, 0, 0, 0, 0, 0, 198, 0
0, 201, 0, 203, 204, 0, 0, 0, 0, 0, 210, 211, 0, 0, 0, 215, 216, 0, 0, 219, 0, 221, 222, 0, 0, 225, 226, 0, 0, 229, 230, 0, 0, 0, 0, 235, 0, 237, 0, 0, 0, 0, 0, 0, 244, 0, 0, 247, 0, 0
0, 0, 0, 0, 254, 0, 0, 257, 258, 0, 260, 261, 262, 263, 0, 0, 266, 267, 268, 0, 0, 0, 0, 0, 274, 0, 0, 0, 278, 0, 0, 0, 0, 283, 284, 0, 0, 0, 0, 0, 0, 291, 0, 0, 294, 0, 0, 0, 0, 0
0, 301, 302, 303, 0, 305, 0, 0, 0, 0, 0, 311, 312, 0, 314, 315, 316, 0, 0, 0, 320, 321, 322, 0, 0, 325, 326, 327, 0, 329, 330, 0, 0, 0, 0, 335, 0, 0, 0, 0, 0, 0, 0, 0, 0, 345, 0, 0, 0, 0
0, 0, 0, 0, 0, 355, 0, 357, 0, 359, 0, 361, 0, 0, 0, 0, 0, 0, 368, 0, 0, 0, 0, 0, 0, 0, 0, 377, 0, 0, 0, 381, 0, 0, 0, 0, 0, 387, 388, 0, 390, 0, 0, 0, 394, 0, 396, 397, 398, 0
0, 0, 0, 0, 404, 405, 0, 0, 408, 0, 0, 0, 412, 413, 0, 0, 0, 417, 0, 0, 0, 0, 0, 0, 0, 0, 0, 0, 0, 0, 430, 431, 432, 0, 0, 435, 0, 0, 0, 439, 0, 441, 0, 0, 444, 0, 0, 0, 0, 0
0, 0, 0, 0, 0, 455, 0, 457, 0, 459, 0, 461, 462, 0, 0, 465, 0, 467, 0, 469, 470, 0, 0, 0, 474, 475, 0, 0, 478, 479, 0, 0, 0, 0, 0, 0, 0, 487, 0, 0, 490, 491, 0, 0, 0, 0, 0, 497, 498, 0
0, 501, 0, 0, 0, 0, 0, 507, 0, 0, 510, 0, 0, 0, 0, 0, 0, 517, 518, 519, 0, 0, 522, 523, 524, 0, 526, 0, 0, 529, 0, 0, 0, 533, 0, 0, 0, 537, 538, 0, 540, 541, 0, 0, 0, 0, 0, 0, 0, 0
0, 0, 0, 0, 0, 0, 0, 0, 558, 0, 0, 0, 0, 0, 0, 0, 0, 0, 568, 569, 0, 571, 572, 0, 0, 0, 576, 577, 0, 579, 580, 0, 0, 0, 0, 585, 0, 0, 0, 589, 0, 0, 0, 593, 0, 0, 0, 0, 0, 599
600, 0, 0, 0, 0, 0, 606, 0, 608, 0, 0, 0, 612, 0, 614, 0, 0, 617, 618, 619, 620, 0, 0, 0, 0, 0, 626, 0, 0, 0, 0, 631, 0, 0, 0, 0, 636, 0, 0, 0, 0, 0, 0, 643, 0, 0, 0, 647, 0, 0
650, 0, 0, 0, 654, 0, 656, 657, 658, 659, 0, 661, 662, 663, 0, 0, 0, 0, 0, 0, 670, 0, 0, 673, 0, 0, 0, 0, 0, 0, 680, 0, 0, 0, 0, 0, 686, 687, 0, 689, 0, 0, 692, 0, 0, 0, 0, 0, 0, 0
700, 0, 0, 703, 0, 705, 706, 0, 0, 0, 710, 0, 0, 0, 714, 0, 716, 717, 0, 0, 720, 721, 0, 0, 0, 0, 726, 727, 0, 0, 0, 0, 732, 0, 0, 0, 0, 0, 0, 0, 740, 0, 742, 0, 0, 745, 0, 0, 0, 0
0, 0, 0, 753, 0, 0, 0, 757, 0, 759, 0, 761, 0, 0, 0, 0, 0, 0, 768, 0, 770, 771, 0, 0, 774, 0, 776, 0, 0, 0, 780, 0, 0, 0, 0, 0, 786, 0, 0, 0, 0, 0, 0, 0, 794, 0, 796, 0, 0, 0
0, 0, 0, 803, 0, 0, 0, 0, 808, 0, 0, 811, 0, 0, 0, 815, 0, 0, 0, 819, 0, 0, 0, 0, 824, 0, 0, 0, 828, 0, 0, 0, 0, 0, 0, 0, 0, 0, 838, 0, 840, 0, 0, 0, 0, 845, 0, 0, 0, 849
0, 851, 0, 853, 0, 0, 0, 857, 858, 0, 860, 0, 0, 0, 864, 865, 866, 0, 0, 869, 0, 0, 0, 873, 874, 0, 0, 0, 878, 0, 0, 0, 0, 0, 0, 885, 0, 0, 0, 0, 0, 0, 0, 893, 894, 0, 896, 897, 0, 0
900, 0, 902, 0, 904, 905, 0, 0, 0, 0, 910, 0, 0, 0, 914, 915, 916, 0, 0, 0, 0, 0, 0, 0, 0, 0, 0, 0, 0, 929, 930, 931, 932, 933, 0, 935, 0, 0, 0, 939, 0, 0, 0, 0, 0, 945, 946, 0, 0, 0
0, 951, 952, 0, 0, 0, 0, 0, 958, 0, 0, 961, 962, 0, 0, 0, 0, 0, 0, 0, 0, 0, 972, 0, 0, 0, 0, 0, 0, 979, 980, 0, 982, 0, 984, 0, 986, 0, 988, 0, 0, 0, 0, 0, 994, 0, 0, 0, 0, 0
0, 1001, 0, 0, 0, 0, 1006, 0, 0, 1009, 0, 0, 0, 0, 0, 0, 0, 0, 0, 0, 0, 1021, 0, 1023, 0, 0, 0, 1027, 0, 1029, 1030, 0, 0, 0, 1034, 0, 1036, 0, 1038, 0, 0, 0, 0, 0, 0, 0, 1046, 0, 1048, 0
0, 0, 0, 0, 0, 1055, 1056, 1057, 0, 0, 0, 0, 0, 0, 1064, 0, 1066, 1067, 1068, 1069, 0, 0, 0, 0, 0, 1075, 0, 1077, 0, 0, 0, 0, 0, 0, 1084, 0, 0, 1087, 1088, 1089, 1090, 0, 1092, 0, 0, 1095, 0, 1097, 1098, 0
1100, 0, 0, 1103, 0, 0, 1106, 0, 1108, 1109, 0, 0, 0, 1113, 0, 0, 0, 0, 0, 0, 0, 0, 1122, 0, 0, 1125, 0, 0, 1128, 0, 0, 1131, 0, 1133, 0, 0, 1136, 0, 0, 0, 0, 0, 1142, 1143, 0, 0, 0, 0, 0, 0
0, 0, 0, 0, 1154, 1155, 0, 0, 0, 0, 0, 0, 0, 1163, 1164, 1165, 0, 0, 1168, 0, 0, 1171, 1172, 0, 1174, 1175, 1176, 0, 0, 0, 0, 0, 0, 0, 0, 0, 0, 1187, 1188, 0, 0, 0, 0, 0, 0, 0, 1196, 0, 1198, 1199
1200, 0, 1202, 0, 1204, 1205, 0, 0, 0, 0, 0, 0, 0, 0, 0, 1215, 0, 1217, 0, 1219, 0, 0, 0, 1223, 0, 1225, 0, 0, 0, 0, 0, 0, 0, 0, 1234, 0, 0, 0, 0, 0, 1240, 1241, 0, 1243, 0, 0, 0, 0, 0, 0
0, 1251, 1252, 1253, 1254, 0, 1256, 1257, 0, 0, 0, 0, 1262, 0, 0, 0, 0, 1267, 0, 0, 0, 0, 0, 0, 0, 0, 0, 1277, 1278, 1279, 0, 0, 1282, 0, 0, 0, 1286, 0, 0, 0, 1290, 1291, 0, 0, 0, 0, 0, 0, 0, 0
1300, 0, 1302, 1303, 0, 0, 0, 0, 0, 0, 0, 0, 1312, 0, 1314, 0, 1316, 1317, 0, 0, 1320, 0, 0, 0, 0, 1325, 1326, 0, 0, 1329, 0, 0, 0, 0, 0, 0, 1336, 0, 1338, 1339, 1340, 0, 0, 0, 0, 0, 1346, 0, 0, 0
0, 0, 0, 0, 1354, 0, 0, 1357, 0, 1359, 0, 1361, 0, 0, 0, 0, 1366, 0, 0, 1369, 0, 0, 1372, 0, 0, 0, 1376, 0, 0, 0, 1380, 0, 1382, 1383, 0, 0, 0, 1387, 0, 1389, 1390, 0, 0, 0, 0, 0, 1396, 0, 0, 0
1400, 0, 1402, 0, 0, 0, 1406, 0, 0, 0, 0, 0, 1412, 0, 0, 0, 0, 1417, 0, 0, 1420, 0, 0, 0, 0, 1425, 0, 0, 0, 0, 1430, 0, 0, 1433, 0, 1435, 0, 0, 1438, 0, 0, 1441, 0, 0, 0, 1445, 1446, 0, 1448, 1449
1450, 0, 0, 0, 0, 1455, 1456, 1457, 0, 0, 1460, 0, 0, 0, 0, 0, 0, 0, 0, 0, 1470, 1471, 1472, 0, 0, 0, 0, 0, 1478, 0, 0, 0, 1482, 1483, 0, 0, 1486, 0, 1488, 1489, 0, 0, 0, 1493, 1494, 1495, 0, 0, 0, 1499
0, 0, 0, 0, 0, 0, 0, 1507, 1508, 1509, 0, 0, 1512, 1513, 0, 1515, 1516, 0, 0, 1519, 0, 0, 0, 1523, 0, 0, 0, 0, 1528, 1529, 1530, 0, 1532, 0, 0, 0, 1536, 0, 0, 0, 0, 0, 0, 0, 0, 0, 0, 0, 1548, 0
0, 0, 1552, 1553, 1554, 0, 1556, 0, 0, 1559, 0, 0, 0, 0, 1564, 0, 1566, 1567, 1568, 0, 0, 0, 0, 1573, 0, 1575, 0, 1577, 0, 0, 0, 0, 0, 1583, 1584, 0, 0, 0, 0, 1589, 0, 1591, 0, 0, 0, 0, 0, 0, 0, 0
1600, 1601, 0, 0, 0, 0, 0, 0, 1608, 1609, 0, 0, 0, 1613, 0, 0, 0, 0, 1618, 0, 1620, 1621, 0, 0, 1624, 0, 0, 1627, 1628, 0, 0, 0, 1632, 0, 0, 0, 0, 1637, 0, 0, 0, 0, 0, 0, 0, 1645, 0, 0, 1648, 0
0, 0, 0, 0, 1654, 1655, 0, 0, 1658, 0, 0, 1661, 1662, 0, 0, 0, 0, 0, 0, 0, 1670, 1671, 0, 0, 1674, 0, 0, 0, 0, 0, 0, 1681, 1682, 0, 1684, 1685, 0, 0, 0, 0, 0, 0, 0, 1693, 1694, 1695, 0, 0, 0, 0
0, 0, 0, 0, 1704, 0, 0, 0, 0, 0, 1710, 1711, 0, 0, 1714, 1715, 1716, 0, 0, 0, 1720, 0, 1722, 0, 1724, 1725, 0, 0, 0, 1729, 0, 0, 0, 0, 0, 1735, 0, 0, 0, 0, 1740, 0, 0, 1743, 0, 0, 1746, 1747, 0, 0
0, 0, 0, 0, 1754, 0, 0, 0, 0, 0, 1760, 1761, 1762, 0, 0, 0, 0, 0, 0, 1769, 0, 0, 0, 1773, 0, 0, 0, 1777, 1778, 1779, 0, 0, 0, 1783, 0, 0, 0, 1787, 0, 0, 0, 0, 0, 0, 1794, 0, 0, 1797, 0, 0
1800, 1801, 1802, 0, 1804, 1805, 0, 1807, 1808, 0, 1810, 0, 1812, 0, 1814, 0, 0, 0, 0, 0, 0, 0, 0, 0, 1824, 0, 0, 0, 0, 1829, 1830, 0, 0, 1833, 1834, 0, 1836, 0, 1838, 1839, 0, 0, 1842, 0, 0, 1845, 1846, 0, 1848, 0
1850, 0, 0, 0, 0, 0, 0, 0, 1858, 1859, 0, 1861, 0, 1863, 1864, 0, 1866, 1867, 0, 0, 0, 0, 0, 0, 0, 0, 0, 0, 0, 0, 0, 0, 1882, 0, 1884, 1885, 1886, 1887, 0, 1889, 1890, 1891, 1892, 0, 1894, 1895, 1896, 1897, 1898, 1899
0, 0, 0, 1903, 1904, 0, 0, 0, 0, 1909, 1910, 0, 0, 1913, 0, 1915, 0, 0, 1918, 1919, 0, 0, 0, 0, 1924, 0, 0, 1927, 0, 1929, 0, 1931, 0, 0, 0, 0, 0, 1937, 1938, 0, 1940, 1941, 0, 1943, 0, 0, 0, 0, 1948, 0
1950, 0, 0, 0, 0, 0, 0, 1957, 0, 0, 1960, 0, 0, 1963, 1964, 0, 0, 0, 0, 0, 0, 1971, 0, 0, 1974, 0, 0, 0, 0, 0, 0, 0, 1982, 0, 1984, 0, 0, 0, 0, 0, 0, 1991, 0, 0, 0, 1995, 0, 0, 0, 1999
0, 0, 0, 0, 2004, 2005, 0, 0, 2008, 0, 0, 0, 0, 0, 0, 0, 0, 0, 0, 2019, 0, 2021, 2022, 2023, 2024, 2025, 2026, 0, 0, 0, 0, 2031, 0, 2033, 0, 0, 2036, 0, 2038, 0, 0, 0, 2042, 2043, 0, 0, 0, 0, 0, 0
0, 0, 0, 0, 0, 0, 0, 0, 0, 2059, 0, 0, 0, 0, 2064, 0, 0, 0, 0, 2069, 2070, 0, 0, 2073, 0, 2075, 0, 2077, 0, 2079, 0, 0, 0, 0, 2084, 2085, 0, 0, 0, 0, 2090, 2091, 2092, 2093, 0, 2095, 0, 0, 2098, 0
0, 2101, 0, 0, 2104, 2105, 0, 0, 2108, 0, 2110, 2111, 0, 0, 0, 2115, 2116, 0, 2118, 0, 2120, 0, 0, 0, 2124, 0, 0, 0, 0, 2129, 0, 2131, 2132, 2133, 2134, 0, 2136, 0, 2138, 2139, 2140, 2141, 0, 0, 2144, 2145, 0, 2147, 2148, 0
0, 2151, 0, 0, 2154, 0, 2156, 0, 0, 0, 0, 0, 2162, 0, 0, 2165, 2166, 2167, 0, 2169, 2170, 0, 0, 0, 0, 0, 0, 0, 0, 0, 0, 0, 0, 0, 0, 2185, 0, 0, 0, 2189, 0, 0, 0, 0, 2194, 0, 0, 0, 0, 0
0, 2201, 2202, 0, 0, 0, 0, 0, 0, 2209, 0, 0, 2212, 0, 0, 2215, 2216, 0, 2218, 0, 2220, 0, 2222, 0, 0, 2225, 0, 2227, 0, 0, 0, 0, 0, 0, 0, 2235, 2236, 2237, 0, 0, 2240, 0, 0, 2243, 0, 0, 0, 0, 2248, 0
0, 0, 2252, 0, 0, 0, 2256, 0, 2258, 0, 2260, 0, 0, 0, 0, 2265, 0, 0, 2268, 2269, 0, 2271, 0, 0, 0, 0, 0, 0, 0, 2279, 2280, 0, 0, 0, 2284, 0, 2286, 0, 2288, 2289, 0, 2291, 0, 2293, 0, 0, 2296, 2297, 2298, 0
0, 0, 0, 0, 2304, 0, 0, 2307, 0, 0, 0, 0, 0, 0, 2314, 0, 0, 0, 0, 0, 0, 0, 0, 0, 0, 2325, 2326, 0, 2328, 2329, 2330, 2331, 0, 0, 0, 0, 0, 2337, 0, 2339, 0, 0, 0, 0, 0, 2345, 0, 0, 0, 0
0, 0, 0, 2353, 0, 0, 2356, 0, 2358, 0, 0, 2361, 0, 0, 0, 2365, 2366, 2367, 0, 0, 2370, 2371, 2372, 0, 0, 0, 0, 2377, 2378, 0, 2380, 0, 0, 0, 0, 0, 2386, 0, 2388, 2389, 0, 0, 0, 2393, 0, 0, 0, 0, 2398, 0
2400, 0, 0, 2403, 0, 2405, 0, 0, 2408, 0, 0, 0, 0, 2413, 2414, 0, 0, 2417, 0, 2419, 0, 0, 0, 0, 0, 0, 0, 2427, 2428, 0, 0, 2431, 0, 0, 2434, 2435, 0, 0, 0, 0, 2440, 0, 2442, 0, 0, 0, 2446, 0, 0, 0
0, 2451, 0, 0, 0, 0, 2456, 0, 0, 2459, 0, 2461, 0, 0, 2464, 0, 2466, 0, 0, 0, 0, 0, 0, 0, 0, 0, 2476, 0, 0, 0, 0, 0, 0, 0, 0, 0, 0, 0, 0, 2489, 0, 0, 2492, 0, 0, 0, 0, 0, 2498, 0
